stock_number,upc,catalog_number,display_name,website_name,source_categories,size,finish,price,price_label,availability,is_discontinued,url,image,secondary_image,features,safe_working_load_range,collection,web_type,self_closing,keyed,pin_type,technical_documents
N101-394,038613101395,V23A,Adjust-O-Matic® Heavy-Duty Gate Latch,"23A Adjust-O-Matic Heavy-Duty Gate Latches, Black, 8""",Gate Latches & Locks,"8""",Black,46.77,National Hardware list price,Active,False,https://www.national-hardware.com/p/23a-adjust-o-matic-heavy-duty-gate-latches?model=N101-394,https://images.national-hardware.com/is/image/nh/nh_101394_c1?$nhwProductThumbs$,,lifespan|outdoor|weatherguard,,,Gate_Latches-Locks Latches,False,False,,https://nationalhardwarestorage.blob.core.windows.net/documents/nh_td_v23a_n101-394.pdf
N101-410,038613101395,V23A,Adjust-O-Matic® Heavy-Duty Gate Latch,"23A Adjust-O-Matic Heavy-Duty Gate Latches, Zinc Plated, 8""",Gate Latches & Locks,"8""",Zinc Plated,40.99,National Hardware list price,Active,False,https://www.national-hardware.com/p/23a-adjust-o-matic-heavy-duty-gate-latches?model=N101-410,https://images.national-hardware.com/is/image/nh/nh_101410_c1?$nhwProductThumbs$,,lifespan|outdoor|weatherguard,,,Gate_Latches-Locks Latches,False,False,,https://nationalhardwarestorage.blob.core.windows.net/documents/nh_td_v23a_n101-394.pdf
N101-220,038613101227,V21A,Adjust-O-Matic® Latch,"21 Adjust-O-Matic Latch, Black, 4""",Gate Latches & Locks,"4""",Black,16.53,National Hardware list price,Active,False,https://www.national-hardware.com/p/21-adjust-o-matic-latch?model=N101-220,https://images.national-hardware.com/is/image/nh/nh_101220_c1?$nhwProductThumbs$,,lifespan|outdoor|weatherguard,,,Gate_Latches-Locks Latches,False,False,,https://nationalhardwarestorage.blob.core.windows.net/documents/nh_td_v21a_n101-220.pdf
N344-655,038613101227,DPB21A,Adjust-O-Matic® Latch,"21 Adjust-O-Matic Latch, Zinc Plated, 4""",Gate Latches & Locks,"4""",Zinc Plated,9.95,National Hardware list price,Discontinued,True,https://www.national-hardware.com/p/21-adjust-o-matic-latch?model=N344-655,https://images.national-hardware.com/is/image/nh/nh_344655_c1?$nhwProductThumbs$,,lifespan|outdoor|weatherguard,,,Gate_Latches-Locks Latches,False,False,,https://nationalhardwarestorage.blob.core.windows.net/documents/nh_td_v21a_n101-220.pdf
N109-060,886780023718,V874,Anti-Sag Gate Kit,"874 Anti-Sag Gate Kit, Black",Gate Kits,,Black,99.59,National Hardware list price,Active,False,https://www.national-hardware.com/p/874-anti-sag-gate-kit?model=N109-060,https://images.national-hardware.com/is/image/nh/snh_109060_c1?$nhwProductThumbs$,https://images.national-hardware.com/is/image/nh/snh_109060_v1?$nhwProductThumbs$,lifespan|outdoor|weatherguard,,,,False,False,,
N166-004,886780029437,852,Anti-Sag Gate Kit,"852 Anti Sag Kit, Black",Gate Kits,,Black,27.21,National Hardware list price,Active,False,https://www.national-hardware.com/p/852-anti-sag-gate-kits?model=N166-004,https://images.national-hardware.com/is/image/nh/nh_166004_c1?$nhwProductThumbs$,https://images.national-hardware.com/is/image/nh/nh_166004_iu?$nhwProductThumbs$,lifespan|outdoor|weatherguard,,,,False,False,,https://nationalhardwarestorage.blob.core.windows.net/documents/sn12062.pdf
N192-211,886780029437,V852,Anti-Sag Gate Kit,"852 Anti-Sag Gate Kits, Zinc Plated",Gate Kits,,Zinc Plated,30.88,National Hardware list price,Active,False,https://www.national-hardware.com/p/852-anti-sag-gate-kits?model=N192-211,https://images.national-hardware.com/is/image/nh/snh_192211_c1?$nhwProductThumbs$,https://images.national-hardware.com/is/image/nh/nh_192211_iu?$nhwProductThumbs$,lifespan|outdoor|weatherguard,,,,False,False,,https://nationalhardwarestorage.blob.core.windows.net/documents/sn12062.pdf
N100-055,886780017434,,Arched Gate Pull,"12 Arched Gate Pull, Black, 8-1/2""",Gate Parts & Accessories,"8-1/2""",Black,22.46,National Hardware list price,Active,False,https://www.national-hardware.com/p/12-arched-gate-pull?model=N100-055,https://images.national-hardware.com/is/image/nh/snh_100055_c1?$nhwProductThumbs$,https://images.national-hardware.com/is/image/nh/nh_100055_iu?$nhwProductThumbs$,lifespan|outdoor|weatherguard,,,,False,False,,https://nationalhardwarestorage.blob.core.windows.net/documents/nh_td_12_n100-055.pdf
N101-337,038613101333,V22,Automatic Gate Latch,"22 Automatic Gate Latches, Black",Gate Latches & Locks,,Black,14.22,National Hardware list price,Active,False,https://www.national-hardware.com/p/22-automatic-gate-latches?model=N101-337,https://images.national-hardware.com/is/image/nh/nh_101337_c1?$nhwProductThumbs$,,lifespan|outdoor|weatherguard,,,Gate_Latches-Locks Latches,False,False,,https://nationalhardwarestorage.blob.core.windows.net/documents/nh_td_v22_n101-337.pdf
N101-352,038613101333,V22,Automatic Gate Latch,"22 Automatic Gate Latches, Zinc Plated",Gate Latches & Locks,,Zinc Plated,11.81,National Hardware list price,Active,False,https://www.national-hardware.com/p/22-automatic-gate-latches?model=N101-352,https://images.national-hardware.com/is/image/nh/nh_101352_c1?$nhwProductThumbs$,https://images.national-hardware.com/is/image/nh/nh_101352_iu?$nhwProductThumbs$,lifespan|outdoor|weatherguard,,,Gate_Latches-Locks Latches,False,False,,https://nationalhardwarestorage.blob.core.windows.net/documents/nh_td_v22_n101-337.pdf
N109-020,886780017632,V1261,Automatic Gate Latch,"1261 Automatic Gate Latch, Matte Black",Gate Latches & Locks,,Matte Black,25.39,National Hardware list price,Active,False,https://www.national-hardware.com/p/1261-automatic-gate-latch?model=N109-020,https://images.national-hardware.com/is/image/nh/nh_109020_c1?$nhwProductThumbs$,https://images.national-hardware.com/is/image/nh/nh_109020_iu?$nhwProductThumbs$,lifespan|outdoor|weatherguard,,,Gate_Latches-Locks Latches,False,False,,https://nationalhardwarestorage.blob.core.windows.net/documents/nh_td_v29_v1261.pdf
N184-853,038613184862,BPB21,Automatic Gate Latch,"21 Automatic Gate Latches, Zinc Plated",Gate Latches & Locks,,Zinc Plated,8.08,National Hardware list price,Active,False,https://www.national-hardware.com/p/21-automatic-gate-latches?model=N184-853,https://images.national-hardware.com/is/image/nh/nh_184853_c1?$nhwProductThumbs$,https://images.national-hardware.com/is/image/nh/nh_184853_iu?$nhwProductThumbs$,lifespan|outdoor|weatherguard,,,Gate_Latches-Locks Latches,False,False,,https://nationalhardwarestorage.blob.core.windows.net/documents/nh_td_bpb21_n184-861.pdf
N184-861,038613184862,BPB21,Automatic Gate Latch,"21 Automatic Gate Latches, Black",Gate Latches & Locks,,Black,9.85,National Hardware list price,Active,False,https://www.national-hardware.com/p/21-automatic-gate-latches?model=N184-861,https://images.national-hardware.com/is/image/nh/nh_184861_c1?$nhwProductThumbs$,https://images.national-hardware.com/is/image/nh/nh_184861_iu?$nhwProductThumbs$,lifespan|outdoor|weatherguard,,,Gate_Latches-Locks Latches,False,False,,https://nationalhardwarestorage.blob.core.windows.net/documents/nh_td_bpb21_n184-861.pdf
N262-105,038613184862,V21,Automatic Gate Latch,"21 Automatic Gate Latches, White",Gate Latches & Locks,,White,12.58,National Hardware list price,Active,False,https://www.national-hardware.com/p/21-automatic-gate-latches?model=N262-105,https://images.national-hardware.com/is/image/nh/nh_262105_c1?$nhwProductThumbs$,https://images.national-hardware.com/is/image/nh/nh_262105_ub?$nhwProductThumbs$,lifespan|outdoor|weatherguard,,,Gate_Latches-Locks Latches,False,False,,https://nationalhardwarestorage.blob.core.windows.net/documents/nh_td_bpb21_n184-861.pdf
N262-121,038613184862,V21,Automatic Gate Latch,"21 Automatic Gate Latches, Galvanized",Gate Latches & Locks,,Galvanized,24.17,National Hardware list price,Active,False,https://www.national-hardware.com/p/21-automatic-gate-latches?model=N262-121,https://images.national-hardware.com/is/image/nh/nh_262121_c1?$nhwProductThumbs$,https://images.national-hardware.com/is/image/nh/nh_262121_ub?$nhwProductThumbs$,lifespan|outdoor|weatherguard,,,Gate_Latches-Locks Latches,False,False,,https://nationalhardwarestorage.blob.core.windows.net/documents/nh_td_bpb21_n184-861.pdf
N342-600,038613342606,V29,Automatic Gate Latch,"29 Automatic Gate Latches, Stainless Steel",Gate Latches & Locks,,Stainless Steel,24.63,National Hardware list price,Active,False,https://www.national-hardware.com/p/29-automatic-gate-latches?model=N342-600,https://images.national-hardware.com/is/image/nh/snh_342600_c1?$nhwProductThumbs$,https://images.national-hardware.com/is/image/nh/nh_342600_iu?$nhwProductThumbs$,lifespan|outdoor|stainlesssteel|weatherguard,,,Gate_Latches-Locks Latches,False,False,,https://nationalhardwarestorage.blob.core.windows.net/documents/nh_td_v29_v1261.pdf
N130-559,038613130555,293BC,Bolts Hook,"293 Bolt Hook, Zinc Plated, 1/2"" x 6""",Gate Parts & Accessories,"1/2"" x 6""",Zinc Plated,11.16,National Hardware list price,Active,False,https://www.national-hardware.com/p/293-bolt-hook?model=N130-559,https://images.national-hardware.com/is/image/nh/nh_130559_c1?$nhwProductThumbs$,https://images.national-hardware.com/is/image/nh/nh_130559_iu?$nhwProductThumbs$,lifespan|outdoor|weatherguard,51 - 100 lb,,,False,False,,https://nationalhardwarestorage.blob.core.windows.net/documents/nh_td_293bc_n130-559.pdf
N152-058,038613152052,V836,Cane Bolt,"836 Cane Bolts, Zinc Plated, 1/2"" x 12""",Gate Latches & Locks,"1/2"" x 12""",Zinc Plated,18.64,National Hardware list price,Active,False,https://www.national-hardware.com/p/836-cane-bolts?model=N152-058,https://images.national-hardware.com/is/image/nh/snh_152058_c1?$nhwProductThumbs$,https://images.national-hardware.com/is/image/nh/nh_152058_iu?$nhwProductThumbs$,lifespan|outdoor|weatherguard,,,Gate_Latches-Locks Cane & Sliding Bolts,False,False,,https://nationalhardwarestorage.blob.core.windows.net/documents/nh_td_836_n152-058.pdf|https://nationalhardwarestorage.blob.core.windows.net/documents/nh_td_v836_n152-058.pdf
N165-902,038613152052,V836,Cane Bolt,"836 Cane Bolts, Black, 1/2"" x 12""",Gate Latches & Locks,"1/2"" x 12""",Black,21.48,National Hardware list price,Active,False,https://www.national-hardware.com/p/836-cane-bolts?model=N165-902,https://images.national-hardware.com/is/image/nh/snh_165902_c1?$nhwProductThumbs$,https://images.national-hardware.com/is/image/nh/nh_165902_iu?$nhwProductThumbs$,lifespan|outdoor|weatherguard,,,Gate_Latches-Locks Cane & Sliding Bolts,False,False,,https://nationalhardwarestorage.blob.core.windows.net/documents/nh_td_836_n152-058.pdf|https://nationalhardwarestorage.blob.core.windows.net/documents/nh_td_v836_n152-058.pdf
N177-188,038613177185,V835,Cane Bolt,"835 Cane Bolt, Black, 1/2"" x 18""",Gate Latches & Locks,"1/2"" x 18""",Black,29.82,National Hardware list price,Active,False,https://www.national-hardware.com/p/835-cane-bolt?model=N177-188,https://images.national-hardware.com/is/image/nh/snh_177188_c1?$nhwProductThumbs$,https://images.national-hardware.com/is/image/nh/nh_177188_iu?$nhwProductThumbs$,lifespan|outdoor|weatherguard,,,Gate_Latches-Locks Cane & Sliding Bolts,False,False,,https://nationalhardwarestorage.blob.core.windows.net/documents/nh_td_v835_n177-188.pdf
N177-196,038613177185,V835,Cane Bolt,"835 Cane Bolt, Zinc Plated, 1/2"" x 18""",Gate Latches & Locks,"1/2"" x 18""",Zinc Plated,27.36,National Hardware list price,Active,False,https://www.national-hardware.com/p/835-cane-bolt?model=N177-196,https://images.national-hardware.com/is/image/nh/snh_177196_c1?$nhwProductThumbs$,https://images.national-hardware.com/is/image/nh/nh_177188_iu?$nhwProductThumbs$,lifespan|outdoor|weatherguard,,,Gate_Latches-Locks Cane & Sliding Bolts,False,False,,https://nationalhardwarestorage.blob.core.windows.net/documents/nh_td_v835_n177-188.pdf
N348-516,038613348516,V810,Cane Bolt,"810 Cane Bolts, Stainless Steel, 1/2"" x 12""",Gate Latches & Locks,"1/2"" x 12""",Stainless Steel,44.87,National Hardware list price,Active,False,https://www.national-hardware.com/p/810-cane-bolts?model=N348-516,https://images.national-hardware.com/is/image/nh/snh_348516_c1?$nhwProductThumbs$,https://images.national-hardware.com/is/image/nh/nh_348516-iu?$nhwProductThumbs$,lifespan|outdoor|stainlesssteel|weatherguard,,,Gate_Latches-Locks Cane & Sliding Bolts,False,False,,https://nationalhardwarestorage.blob.core.windows.net/documents/nh_td_836_n348-516.pdf
N109-300,886780022261,V8418,Decorative Butterfly Gate Kit,"8418 Decorative Butterfly Gate Kit, Black",Gate Kits,,Black,53.13,National Hardware list price,Active,False,https://www.national-hardware.com/p/8418-decorative-butterfly-gate-kit?model=N109-300,https://images.national-hardware.com/is/image/nh/snh_109300_c1?$nhwProductThumbs$,https://images.national-hardware.com/is/image/nh/nh_109300_iu?$nhwProductThumbs$,lifespan|outdoor|weatherguard,51 - 100 lb,,,False,False,,https://nationalhardwarestorage.blob.core.windows.net/documents/nh_td_v8418_n109-300.pdf
N109-218,886780022254,SPB8443,Decorative Butterfly Hinges,"8443 Decorative Butterfly Hinges, Black",Gate Hinges,,Black,32.04,National Hardware list price,Active,False,https://www.national-hardware.com/p/8443-decorative-butterfly-hinges?model=N109-218,https://images.national-hardware.com/is/image/nh/snh_109218_c1?$nhwProductThumbs$,https://images.national-hardware.com/is/image/nh/nh_109218_iu?$nhwProductThumbs$,lifespan|outdoor|weatherguard,51 - 100 lb,,,False,False,Fixed,https://nationalhardwarestorage.blob.core.windows.net/documents/nh_td_spb8443_n109-218.pdf
N343-467,038613343467,DPV878,Decorative Gate Kit,"878 Decorative Gate Kits, Black",Gate Kits,,Black,59.34,National Hardware list price,Active,False,https://www.national-hardware.com/p/878-decorative-gate-kits?model=N343-467,https://images.national-hardware.com/is/image/nh/nh_343467_c1?$nhwProductThumbs$,https://images.national-hardware.com/is/image/nh/nh_343467_iu?$nhwProductThumbs$,lifespan|outdoor|weatherguard,,,,False,False,,
N166-002,886780029413,1112,Decorative Knob Pull,"1112 Decorative Knob Pull, Black, 2.87""",Gate Parts & Accessories,"2.87""",Black,18.35,National Hardware list price,Active,False,https://www.national-hardware.com/p/1112-decorative-knob-pull?model=N166-002,https://images.national-hardware.com/is/image/nh/nh_166002-c1?$nhwProductThumbs$,https://images.national-hardware.com/is/image/nh/nh_166002_iu?$nhwProductThumbs$,lifespan|outdoor|weatherguard,,,,False,False,,https://nationalhardwarestorage.blob.core.windows.net/documents/sn12060.pdf|https://nationalhardwarestorage.blob.core.windows.net/documents/pf_is_001-112_00789-1500.pdf|https://nationalhardwarestorage.blob.core.windows.net/documents/nh_td_1112_n166-002.pdf
N166-012,886780029512,1118,Decorative T Hinge,"1118 Decorative T Hinge, Black, 10""",Gate Hinges,"10""",Black,22.18,National Hardware list price,Active,False,https://www.national-hardware.com/p/1118-decorative-t-hinge?model=N166-012,https://images.national-hardware.com/is/image/nh/nh_166012_c1?$nhwProductThumbs$,https://images.national-hardware.com/is/image/nh/nh_166012_iu?$nhwProductThumbs$,lifespan|outdoor|weatherguard,,,,False,False,,https://nationalhardwarestorage.blob.core.windows.net/documents/sn12070.pdf|https://nationalhardwarestorage.blob.core.windows.net/documents/nh_td_1118_n166-012.pdf|https://nationalhardwarestorage.blob.core.windows.net/documents/pf_is_001-118_23636-0700.pdf
N165-498,038613165496,V850,Door & Gate Spring,"850 Door & Gate Springs, Black, 11""",Gate Springs,"11""",Black,31.86,National Hardware list price,Active,False,https://www.national-hardware.com/p/850-door-gate-springs?model=N165-498,https://images.national-hardware.com/is/image/nh/snh_165498_c1?$nhwProductThumbs$,,lifespan|outdoor|weatherguard,,,,False,False,,https://nationalhardwarestorage.blob.core.windows.net/documents/nh_ig_v850.pdf|https://nationalhardwarestorage.blob.core.windows.net/documents/nh_td_v850_n165-498.pdf
N342-725,038613342729,V851,Door & Gate Spring,"851 Door & Gate Springs, Stainless Steel, 11""",Gate Springs,"11""",Stainless Steel,75.25,National Hardware list price,Active,False,https://www.national-hardware.com/p/851-door-gate-springs?model=N342-725,https://images.national-hardware.com/is/image/nh/nh_342725_c1?$nhwProductThumbs$,,lifespan|outdoor|stainlesssteel|weatherguard,,,,False,False,,https://nationalhardwarestorage.blob.core.windows.net/documents/nh_ig_v850.pdf
N342-741,038613165496,V850,Door & Gate Spring,"850 Door & Gate Springs, White, 11""",Gate Springs,"11""",White,29.04,National Hardware list price,Active,False,https://www.national-hardware.com/p/850-door-gate-springs?model=N342-741,https://images.national-hardware.com/is/image/nh/nh_342741_c1?$nhwProductThumbs$,,lifespan|outdoor|weatherguard,,,,False,False,,https://nationalhardwarestorage.blob.core.windows.net/documents/nh_ig_v850.pdf|https://nationalhardwarestorage.blob.core.windows.net/documents/nh_td_v850_n165-498.pdf
N156-042,038613156043,V13B,Door/Gate Latch,"13 DoorGate Latches, Zinc Plated",Gate Latches & Locks,,Zinc Plated,30.11,National Hardware list price,Active,False,https://www.national-hardware.com/p/13-doorgate-latches?model=N156-042,https://images.national-hardware.com/is/image/nh/snh_156042_c1?$nhwProductThumbs$,https://images.national-hardware.com/is/image/nh/nh_156042_iu?$nhwProductThumbs$,lifespan|outdoor|weatherguard,,,Gate_Latches-Locks Latches,False,False,,https://nationalhardwarestorage.blob.core.windows.net/documents/nh_td_v13b_n156-042.pdf
N342-592,038613342590,V279,Extra Heavy Auto-Close Gate Hinges Set,"279 Extra Heavy Auto-Close Gate Hinge Set, Black, 3-1/2""",Gate Hinges,"3-1/2""",Black,61.73,National Hardware list price,Active,False,https://www.national-hardware.com/p/279-extra-heavy-auto-close-gate-hinge-set?model=N342-592,https://images.national-hardware.com/is/image/nh/snh_342592_c1?$nhwProductThumbs$,https://images.national-hardware.com/is/image/nh/nh_342592_iu?$nhwProductThumbs$,lifespan|outdoor|weatherguard,,,,False,False,,
N214-106,038613900264,V4870,Extra Heavy Gate Hinge,Extra Heavy Gate Hinges,Gate Hinges,"3-5/8""",Satin Nickel,17.9,National Hardware list price,Discontinued,True,https://www.national-hardware.com/p/4870-extra-heavy-gate-hinges?model=N214-106,https://images.national-hardware.com/is/image/nh/snh_214106_c1?$nhwProductThumbs$,,lifespan|outdoor,41 - 50 lb,,,False,False,,
N214-113,038613900264,V4870,Extra Heavy Gate Hinge,"4870 Extra Heavy Gate Hinges, Black, 3-5/8""",Gate Hinges,"3-5/8""",Black,27.47,National Hardware list price,Active,False,https://www.national-hardware.com/p/4870-extra-heavy-gate-hinges?model=N214-113,https://images.national-hardware.com/is/image/nh/nh_214113_c1?$nhwProductThumbs$,,lifespan|outdoor,41 - 50 lb,,,False,False,,
N214-120,038613900264,V4870,Extra Heavy Gate Hinge,"4870 Extra Heavy Gate Hinges, Galvanized, 3-5/8""",Gate Hinges,"3-5/8""",Galvanized,28.76,National Hardware list price,Discontinued,True,https://www.national-hardware.com/p/4870-extra-heavy-gate-hinges?model=N214-120,https://images.national-hardware.com/is/image/nh/nh_214120_c1?$nhwProductThumbs$,,lifespan|outdoor,41 - 50 lb,,,False,False,,
N223-867,038613223868,287BC,Extra Heavy Gate Hinge,"287 Extra Heavy Gate Hinges, Black, 3-1/2""",Gate Hinges,"3-1/2""",Black,12.85,National Hardware list price,Active,False,https://www.national-hardware.com/p/287-extra-heavy-gate-hinges?model=N223-867,https://images.national-hardware.com/is/image/nh/nh_223867_c1?$nhwProductThumbs$,,lifespan|outdoor|weatherguard,41 - 50 lb,,,False,False,,https://nationalhardwarestorage.blob.core.windows.net/documents/nh_td_287bc_n223-867.pdf
N236-570,038613223868,DP287BC,Extra Heavy Gate Hinge,"287 Extra Heavy Gate Hinges, Zinc Plated, 3-1/2""",Gate Hinges,"3-1/2""",Zinc Plated,7.27,National Hardware list price,Discontinued,True,https://www.national-hardware.com/p/287-extra-heavy-gate-hinges?model=N236-570,https://images.national-hardware.com/is/image/nh/nh_236570_c1?$nhwProductThumbs$,https://images.national-hardware.com/is/image/nh/nh_236570_ub?$nhwProductThumbs$,lifespan|outdoor|weatherguard,41 - 50 lb,,,False,False,,https://nationalhardwarestorage.blob.core.windows.net/documents/nh_td_287bc_n223-867.pdf
N259-283,038613223868,MP287BC,Extra Heavy Gate Hinge,"287 Extra Heavy Gate Hinges, Galvanized, 3-1/2""",Gate Hinges,"3-1/2""",Galvanized,23.65,National Hardware list price,Active,False,https://www.national-hardware.com/p/287-extra-heavy-gate-hinges?model=N259-283,https://images.national-hardware.com/is/image/nh/nh_259283_c1?$nhwProductThumbs$,https://images.national-hardware.com/is/image/nh/nh_259283_ub?$nhwProductThumbs$,lifespan|outdoor|weatherguard,41 - 50 lb,,,False,False,,https://nationalhardwarestorage.blob.core.windows.net/documents/nh_td_287bc_n223-867.pdf
N192-217,886780022292,856,Gate Caster,"856 Gate Caster, Zinc Plated",Gate Parts & Accessories,,Zinc Plated,37.06,National Hardware list price,Active,False,https://www.national-hardware.com/p/856-gate-caster?model=N192-217,https://images.national-hardware.com/is/image/nh/nh_192217_c2?$nhwProductThumbs$,https://images.national-hardware.com/is/image/nh/nh_192217_iu?$nhwProductThumbs$,lifespan|outdoor,101 - 200 lb,,,False,False,,https://nationalhardwarestorage.blob.core.windows.net/documents/nh_td_856_n192-217.pdf
N122-168,038613122161,V2102,Gate Hook,"2102 Gate Hooks, Zinc Plated, 4""",Gate Latches & Locks,"4""",Zinc Plated,4.77,National Hardware list price,Active,False,https://www.national-hardware.com/p/2102-gate-hooks?model=N122-168,https://images.national-hardware.com/is/image/nh/nh_122168_c1?$nhwProductThumbs$,https://images.national-hardware.com/is/image/nh/nh_122168_iu?$nhwProductThumbs$,lifespan|outdoor|weatherguard,,,Gate_Latches-Locks Latches,False,False,,https://nationalhardwarestorage.blob.core.windows.net/documents/nh_td_2102_n122-168.pdf
N122-358,038613122352,V2106,Gate Hook,"2106 Gate Hooks, Zinc Plated, 6""",Gate Parts & Accessories,"6""",Zinc Plated,8.93,National Hardware list price,Active,False,https://www.national-hardware.com/p/2106-gate-hooks?model=N122-358,https://images.national-hardware.com/is/image/nh/nh_122358_c1?$nhwProductThumbs$,https://images.national-hardware.com/is/image/nh/nh_122358_iu?$nhwProductThumbs$,lifespan|outdoor|weatherguard,,,,False,False,,
N109-015,886780017762,V867,Gate Kit,"867 Gate Kit, Black, 8""",Gate Kits,"8""",Black,71.62,National Hardware list price,Active,False,https://www.national-hardware.com/p/867-gate-kit?model=N109-015,https://images.national-hardware.com/is/image/nh/nh_109015_c1?$nhwProductThumbs$,https://images.national-hardware.com/is/image/nh/nh_109015_iu?$nhwProductThumbs$,lifespan|outdoor|weatherguard,31 - 40 lb,,,False,False,,https://nationalhardwarestorage.blob.core.windows.net/documents/nh_td_867_n109-015.pdf
N109-025,886780017755,V1299,Gate Kit,"1299 Gate Kit, Black, 8""",Gate Kits,"8""",Black,44.29,National Hardware list price,Active,False,https://www.national-hardware.com/p/1299-gate-kit?model=N109-025,https://images.national-hardware.com/is/image/nh/snh_109025_c1?$nhwProductThumbs$,https://images.national-hardware.com/is/image/nh/nh_109025_iu?$nhwProductThumbs$,lifespan|outdoor|weatherguard,41 - 50 lb,,,False,False,,https://nationalhardwarestorage.blob.core.windows.net/documents/snh_td_cd1299.pdf|https://nationalhardwarestorage.blob.core.windows.net/documents/snh_td_v1299.pdf
N166-008,886780029475,1114,Gate Kit,"1114 Gate Kit, Galvanized",Gate Kits,,Galvanized,51.29,National Hardware list price,Active,False,https://www.national-hardware.com/p/1114-gate-kit?model=N166-008,https://images.national-hardware.com/is/image/nh/nh_166008_c1?$nhwProductThumbs$,https://images.national-hardware.com/is/image/nh/nh_166008_iu?$nhwProductThumbs$,lifespan|outdoor|weatherguard,,,,False,False,,https://nationalhardwarestorage.blob.core.windows.net/documents/nh_td_1114-n166-008.pdf|https://nationalhardwarestorage.blob.core.windows.net/documents/sn12066.pdf
N243-899,038613243897,DPV845,Gate Kit,"845 Gate Kits, Black",Gate Kits,,Black,48.73,National Hardware list price,Active,False,https://www.national-hardware.com/p/845-gate-kits?model=N243-899,https://images.national-hardware.com/is/image/nh/snh_243899_c1?$nhwProductThumbs$,,lifespan|outdoor|weatherguard,51 - 100 lb,,,False,False,,
N343-434,038613343436,DPV875,Gate Kit,"875 Gate Kits, Stainless Steel",Gate Kits,,Stainless Steel,89.49,National Hardware list price,Active,False,https://www.national-hardware.com/p/875-gate-kits?model=N343-434,https://images.national-hardware.com/is/image/nh/nh_343434_c1?$nhwProductThumbs$,https://images.national-hardware.com/is/image/nh/nh_343434_iu?$nhwProductThumbs$,lifespan|outdoor|stainlesssteel|weatherguard,,,,False,False,,
N109-009,886780017533,V853,Gate Latch Cable,"853 Gate Latch Cable, Stainless Steel",Gate Latches & Locks,,Stainless Steel,7.2,National Hardware list price,Active,False,https://www.national-hardware.com/p/853-gate-latch-cable?model=N109-009,https://images.national-hardware.com/is/image/nh/nh_109009_c1?$nhwProductThumbs$,https://images.national-hardware.com/is/image/nh/nh_109009_iu?$nhwProductThumbs$,lifespan|outdoor|stainlesssteel|weatherguard,,,Gate_Latches-Locks Latches,False,False,,https://nationalhardwarestorage.blob.core.windows.net/documents/nh_td_v853_n109-009.pdf
N109-070,886780023725,V973,Gate Pull,"973 Gate Pull, Black, 10 3/4""",Gate Parts & Accessories,"10 3/4""",Black,26.06,National Hardware list price,Active,False,https://www.national-hardware.com/p/973-gate-pull?model=N109-070,https://images.national-hardware.com/is/image/nh/snh_109070_c1?$nhwProductThumbs$,https://images.national-hardware.com/is/image/nh/snh_109070_v1?$nhwProductThumbs$,lifespan|outdoor|weatherguard,,,,False,False,,https://nationalhardwarestorage.blob.core.windows.net/documents/nh_td_973_n109-070.pdf|https://nationalhardwarestorage.blob.core.windows.net/documents/nh_ig_v973_n109-070.pdf
N109-314,886780023749,,Gate Suite,"8430 Gate Suite, Black",Gate Kits,,Black,61.52,National Hardware list price,Active,False,https://www.national-hardware.com/p/8430-gate-suite?model=N109-314,https://images.national-hardware.com/is/image/nh/snh_109314_c1?$nhwProductThumbs$,https://images.national-hardware.com/is/image/nh/snh_109314_v1?$nhwProductThumbs$,lifespan|outdoor|weatherguard,,,,False,False,,https://nationalhardwarestorage.blob.core.windows.net/documents/nh_td_8430_n109-314.pdf
N109-316,886780023756,,Gate Suite,"8432 Gate Suite, Black",Gate Kits,,Black,61.52,National Hardware list price,Active,False,https://www.national-hardware.com/p/8432-gate-suite?model=N109-316,https://images.national-hardware.com/is/image/nh/snh_109316_c1?$nhwProductThumbs$,https://images.national-hardware.com/is/image/nh/snh_109316_v1?$nhwProductThumbs$,lifespan|outdoor|weatherguard,,,,False,False,,https://nationalhardwarestorage.blob.core.windows.net/documents/nh_ig_v8432_n109-316.pdf|https://nationalhardwarestorage.blob.core.windows.net/documents/nh_td_8432_n109-316.pdf
N109-050,886780023701,,Gate Thumb Latch,"1394 Gate Thumb Latch, Black",Gate Latches & Locks,,Black,48.58,National Hardware list price,Active,False,https://www.national-hardware.com/p/1394-gate-thumb-latch?model=N109-050,https://images.national-hardware.com/is/image/nh/snh_109050_c1?$nhwProductThumbs$,https://images.national-hardware.com/is/image/nh/snh_109050_v1?$nhwProductThumbs$,lifespan|outdoor|weatherguard,,,Gate_Latches-Locks Latches,False,False,,https://nationalhardwarestorage.blob.core.windows.net/documents/nh_ig_v1394_n109-050_.pdf|https://nationalhardwarestorage.blob.core.windows.net/documents/nh_td_1394_n109-050.pdf
N342-584,038613342774,V279,Heavy Duty Auto-Close Gate Hinge,"278 Heavy Duty Auto-Close Gate Hinge, Zinc Plated, 3-1/2""",Gate Hinges,"3-1/2""",Zinc Plated,54.6,National Hardware list price,Active,False,https://www.national-hardware.com/p/278-heavy-duty-auto-close-gate-hinge?model=N342-584,https://images.national-hardware.com/is/image/nh/snh_342584_c1?$nhwProductThumbs$,,lifespan|outdoor|weatherguard,,,,False,False,,
N342-774,038613342774,V278,Heavy Duty Auto-Close Gate Hinge,"278 Heavy Duty Auto-Close Gate Hinge, Black, 3-1/2""",Gate Hinges,"3-1/2""",Black,35.6,National Hardware list price,Active,False,https://www.national-hardware.com/p/278-heavy-duty-auto-close-gate-hinge?model=N342-774,https://images.national-hardware.com/is/image/nh/nh_342774_c1?$nhwProductThumbs$,,lifespan|outdoor|weatherguard,,,,False,False,,
N109-001,886780017458,,Heavy Duty Flip Latch,"1130 Heavy Duty Flip Latch, Black",Gate Latches & Locks,,Black,54.31,National Hardware list price,Active,False,https://www.national-hardware.com/p/1130-heavy-duty-flip-latch?model=N109-001,https://images.national-hardware.com/is/image/nh/snh_109001_box?$nhwProductThumbs$,https://images.national-hardware.com/is/image/nh/nh_109001_iu?$nhwProductThumbs$,lifespan|outdoor|weatherguard,,,Gate_Latches-Locks Latches,False,False,,https://nationalhardwarestorage.blob.core.windows.net/documents/nh_td_1130_n109-001.pdf
N166-015,886780029543,1121,Heavy Duty Gate Latch,"1121 Heavy Duty Gate Latch, Black, 7.57""",Gate Latches & Locks,"7.57""",Black,35.29,National Hardware list price,Active,False,https://www.national-hardware.com/p/1121-heavy-duty-gate-latch?model=N166-015,https://images.national-hardware.com/is/image/nh/nh_166015_c1?$nhwProductThumbs$,https://images.national-hardware.com/is/image/nh/nh_166015_iu?$nhwProductThumbs$,lifespan|outdoor|weatherguard,,,,False,False,,https://nationalhardwarestorage.blob.core.windows.net/documents/sn12072.pdf
N117-994,038613117990,V2000,Hook & Eye,"2000 Hooks & Eyes, Zinc Plated, 3""",Gate Latches & Locks,"3""",Zinc Plated,2.82,National Hardware list price,Active,False,https://www.national-hardware.com/p/2000-hooks-eyes?model=N117-994,https://images.national-hardware.com/is/image/nh/nh_117994_c1?$nhwProductThumbs$,,lifespan|outdoor|weatherguard,,,Gate_Latches-Locks Latches,False,False,,
N166-005,038613117990,2000,Hook & Eye,"2000 Hook & Eye, Black, 4""",Gate Latches & Locks,"4""",Black,9.52,National Hardware list price,Active,False,https://www.national-hardware.com/p/2000-hooks-eyes?model=N166-005,https://images.national-hardware.com/is/image/nh/nh_166005_c1?$nhwProductThumbs$,,lifespan|outdoor|weatherguard,,,Gate_Latches-Locks Latches,False,False,,
N101-451,038613101456,V24,In-Swinging Thumb Latch,"24 In-Swinging Thumb Latches, Black",Gate Latches & Locks,,Black,26.85,National Hardware list price,Active,False,https://www.national-hardware.com/p/24-in-swinging-thumb-latches?model=N101-451,https://images.national-hardware.com/is/image/nh/nh_101451_c1?$nhwProductThumbs$,,lifespan|outdoor|weatherguard,,,Gate_Latches-Locks Latches,False,False,,https://nationalhardwarestorage.blob.core.windows.net/documents/nh_td_v24_n101-451.pdf
N101-485,038613101456,V24,In-Swinging Thumb Latch,In-Swinging Thumb Latches,Gate Latches & Locks,,Galvanized,22.71,National Hardware list price,Discontinued,True,https://www.national-hardware.com/p/24-in-swinging-thumb-latches?model=N101-485,https://images.national-hardware.com/is/image/nh/nh_101485_c1?$nhwProductThumbs$,,lifespan|outdoor|weatherguard,,,Gate_Latches-Locks Latches,False,False,,https://nationalhardwarestorage.blob.core.windows.net/documents/nh_td_v24_n101-451.pdf
N166-036,886780030686,V1127,Industrial Gate Kit,"1127 Industrial Gate Kit, Black",Gate Kits,,Black,133.5,National Hardware list price,Active,False,https://www.national-hardware.com/p/1127-industrial-gate-kit?model=N166-036,https://images.national-hardware.com/is/image/nh/nh_166036_c1?$nhwProductThumbs$,,lifespan|outdoor|weatherguard,,,,False,False,,https://nationalhardwarestorage.blob.core.windows.net/documents/nh_td_v1127.pdf|https://nationalhardwarestorage.blob.core.windows.net/documents/nh_ig_sn12199_v1127_.pdf
N166-033,886780030662,V1124,Industrial Gate Latch,"1124 Industrial Gate Latch, Black, 7-29/32""",Gate Latches & Locks,"7-29/32""",Black,32.08,National Hardware list price,Active,False,https://www.national-hardware.com/p/1124-industrial-gate-latch?model=N166-033,https://images.national-hardware.com/is/image/nh/nh_166033_c1?$nhwProductThumbs$,,lifespan|outdoor|weatherguard,,,Gate_Latches-Locks Latches,False,False,,https://nationalhardwarestorage.blob.core.windows.net/documents/nh_ig_sn12197_v1124_.pdf|https://nationalhardwarestorage.blob.core.windows.net/documents/nh_td_v1124.pdf
N166-032,886780030655,V1101,Industrial Gate Pull,"1101 Industrial Gate Pull, Black, 9""",Gate Parts & Accessories,"9""",Black,61.61,National Hardware list price,Active,False,https://www.national-hardware.com/p/1101-industrial-gate-pull?model=N166-032,https://images.national-hardware.com/is/image/nh/nh_166032_c1?$nhwProductThumbs$,,lifespan|outdoor|weatherguard,,,,False,False,,https://nationalhardwarestorage.blob.core.windows.net/documents/nh_td_v1101.pdf|https://nationalhardwarestorage.blob.core.windows.net/documents/nh_ig_sn12196_v1101_.pdf
N166-013,886780029529,1119,Industrial Pipe Handle,"1119 Industrial Pipe Handle, Black, 10.5""",Gate Parts & Accessories,"10.5""",Black,49.9,National Hardware list price,Active,False,https://www.national-hardware.com/p/1119-industrial-pipe-handle?model=N166-013,https://images.national-hardware.com/is/image/nh/nh_166013_c1?$nhwProductThumbs$,https://images.national-hardware.com/is/image/nh/nh_166013_iu?$nhwProductThumbs$,lifespan|outdoor|weatherguard,,,,False,False,,https://nationalhardwarestorage.blob.core.windows.net/documents/sn12071.pdf|https://nationalhardwarestorage.blob.core.windows.net/documents/nh_td_1119_n166-013.pdf
N166-035,886780030679,V1126,Industrial T-Hinges,"1126 Industrial T-Hinges, Black, 6""",Gate Hinges,"6""",Black,41.07,National Hardware list price,Active,False,https://www.national-hardware.com/p/1126-industrial-t-hinges?model=N166-035,https://images.national-hardware.com/is/image/nh/noimage?$nhwProductThumbs$,,lifespan|outdoor|weatherguard,,,,False,False,Removable,https://nationalhardwarestorage.blob.core.windows.net/documents/nh_td_v1126.pdf|https://nationalhardwarestorage.blob.core.windows.net/documents/nh_ig_sn12198_v1126_.pdf
N179-150,038613179158,V858S,Lag Screws,"858 Lag Screws, Black, 5/16"" x 1-1/2""",Gate Parts & Accessories,"5/16"" x 1-1/2""",Black,3.95,National Hardware list price,Active,False,https://www.national-hardware.com/p/858-lag-screws?model=N179-150,https://images.national-hardware.com/is/image/nh/nh_179150_c1?$nhwProductThumbs$,https://images.national-hardware.com/is/image/nh/nh_179150_iu?$nhwProductThumbs$,lifespan|outdoor|weatherguard,,,,False,False,,
N342-568,038613342569,V283,Lighter Duty Gate T-Hinge,"283 Lighter Duty Gate T Hinges, White, 3-1/2""",Gate Hinges,"3-1/2""",White,27.09,National Hardware list price,Active,False,https://www.national-hardware.com/p/283-lighter-duty-gate-t-hinges?model=N342-568,https://images.national-hardware.com/is/image/nh/nh_342568_c1?$nhwProductThumbs$,,lifespan|outdoor,,,,False,False,,
N342-576,038613342569,V283,Lighter Duty Gate T-Hinge,"283 Lighter Duty Gate T Hinges, Aluminum, 3-1/2""",Gate Hinges,"3-1/2""",Aluminum,16.07,National Hardware list price,Discontinued,True,https://www.national-hardware.com/p/283-lighter-duty-gate-t-hinges?model=N342-576,https://images.national-hardware.com/is/image/nh/nh_342576_c1?$nhwProductThumbs$,,lifespan|outdoor,,,,False,False,,
N109-002,886780017465,,Lockable Cane Bolt,"809 Lockable Cane Bolt, Black, 18""",Gate Latches & Locks,"18""",Black,54.31,National Hardware list price,Active,False,https://www.national-hardware.com/p/809-lockable-cane-bolt?model=N109-002,https://images.national-hardware.com/is/image/nh/snh_109002_box?$nhwProductThumbs$,https://images.national-hardware.com/is/image/nh/nh_109002_iu?$nhwProductThumbs$,lifespan|outdoor|weatherguard,,,Gate_Latches-Locks Cane & Sliding Bolts,False,False,,https://nationalhardwarestorage.blob.core.windows.net/documents/nh_td_809_n109-002.pdf
N166-001,886780029406,1111,Lockable Security Bolt,"1111 Lockable Security Bolt, Black, 6""",Gate Latches & Locks,"6""",Black,25.84,National Hardware list price,Active,False,https://www.national-hardware.com/p/1111-lockable-security-bolt?model=N166-001,https://images.national-hardware.com/is/image/nh/nh_166001_c1?$nhwProductThumbs$,https://images.national-hardware.com/is/image/nh/nh_166001_iu?$nhwProductThumbs$,lifespan|outdoor|weatherguard,,,,False,False,,https://nationalhardwarestorage.blob.core.windows.net/documents/nh_td_1111_n166-001.pdf|https://nationalhardwarestorage.blob.core.windows.net/documents/sn12059.pdf|https://nationalhardwarestorage.blob.core.windows.net/documents/pf_is_001-111_23636-0700.pdf
N346-201,886780019032,V6201,LokkLatch,"6201 LokkLatch, Black, 4-9/16""",Gate Latches & Locks,"4-9/16""",Black,82.36,National Hardware list price,Active,False,https://www.national-hardware.com/p/6201-lokklatch?model=N346-201,https://images.national-hardware.com/is/image/nh/snh_346201_c1?$nhwProductThumbs$,https://images.national-hardware.com/is/image/nh/snh_346201_v2?$nhwProductThumbs$,lifespan|outdoor|weatherguard,,,Gate_Latches-Locks Latches,False,False,,
N346-202,886780019049,V6203,LokkLatch Deluxe,"6203 LokkLatch Deluxe, Black, 5-7/8""",Gate Latches & Locks,"5-7/8""",Black,234.68,National Hardware list price,Active,False,https://www.national-hardware.com/p/6203-lokklatch-deluxe?model=N346-202,https://images.national-hardware.com/is/image/nh/snh_346202_c1?$nhwProductThumbs$,https://images.national-hardware.com/is/image/nh/snh_346202_v1?$nhwProductThumbs$,lifespan|outdoor,,,Gate_Latches-Locks Latches,False,False,,
N346-203,886780019056,V6205,MagnaLatch Side Pull,"6205 MagnaLatch Side Pull, Black, 2-3/4""",Gate Latches & Locks,"2-3/4""",Black,74.15,National Hardware list price,Active,False,https://www.national-hardware.com/p/6205-magnalatch-side-pull?model=N346-203,https://images.national-hardware.com/is/image/nh/snh_346203_c1?$nhwProductThumbs$,https://images.national-hardware.com/is/image/nh/snh_346203_v1?$nhwProductThumbs$,lifespan|outdoor,,,Gate_Latches-Locks Latches,False,False,,
N346-210,886780023770,V6208,MagnaLatch Top Pull,"6208 MagnaLatch Top Pull, Black, 21""",Gate Latches & Locks,"21""",Black,263.07,National Hardware list price,Active,False,https://www.national-hardware.com/p/6208-magnalatch-top-pull?model=N346-210,https://images.national-hardware.com/is/image/nh/nh_346210_c1?$nhwProductThumbs$,,lifespan|outdoor,,,Gate_Latches-Locks Latches,False,False,,https://nationalhardwarestorage.blob.core.windows.net/documents/nh_6208_techdoc.pdf
N346-212,886780025224,V6208,MagnaLatch Vertical Pull,"6208 MagnaLatch Vertical Pull, Black, 13""",Gate Latches & Locks,"13""",Black,301.89,National Hardware list price,Active,False,https://www.national-hardware.com/p/6208-magnalatch-vertical-pull?model=N346-212,https://images.national-hardware.com/is/image/nh/nh_346212_c1?$nhwProductThumbs$,,outdoor,,,Gate_Latches-Locks Latches,False,False,,https://nationalhardwarestorage.blob.core.windows.net/documents/nh_6208_techdoc.pdf
N342-618,038613342620,V21A,MaxLatch™,"21 MaxLatch, Zinc Plated, 4""",Gate Latches & Locks,"4""",Zinc Plated,14.22,National Hardware list price,Active,False,https://www.national-hardware.com/p/21-maxlatch?model=N342-618,https://images.national-hardware.com/is/image/nh/snh_342618_c1?$nhwProductThumbs$,https://images.national-hardware.com/is/image/nh/nh_342618_iu?$nhwProductThumbs$,lifespan|outdoor|weatherguard,,,Gate_Latches-Locks Latches,False,False,,
N342-626,038613342620,V21A,MaxLatch™,"21 MaxLatch, Black, 4""",Gate Latches & Locks,"4""",Black,16.91,National Hardware list price,Active,False,https://www.national-hardware.com/p/21-maxlatch?model=N342-626,https://images.national-hardware.com/is/image/nh/snh_342626_c1?$nhwProductThumbs$,https://images.national-hardware.com/is/image/nh/nh_342626_iu?$nhwProductThumbs$,lifespan|outdoor|weatherguard,,,Gate_Latches-Locks Latches,False,False,,
N342-634,038613342620,V21A,MaxLatch™,"21 MaxLatch, Galvanized, 4""",Gate Latches & Locks,"4""",Galvanized,15.61,National Hardware list price,Discontinued,True,https://www.national-hardware.com/p/21-maxlatch?model=N342-634,https://images.national-hardware.com/is/image/nh/nh_342634_c1?$nhwProductThumbs$,https://images.national-hardware.com/is/image/nh/nh_342626_iu?$nhwProductThumbs$,lifespan|outdoor|weatherguard,,,Gate_Latches-Locks Latches,False,False,,
N342-642,038613342644,V29A,MaxLatch™ Gate Latch,"29 MaxLatch Gate Latches, Stainless Steel, 4""",Gate Latches & Locks,"4""",Stainless Steel,33.85,National Hardware list price,Active,False,https://www.national-hardware.com/p/29-maxlatch-gate-latches?model=N342-642,https://images.national-hardware.com/is/image/nh/nh_342642_c1?$nhwProductThumbs$,https://images.national-hardware.com/is/image/nh/nh_342642_iu?$nhwProductThumbs$,lifespan|outdoor|stainlesssteel|weatherguard,,,Gate_Latches-Locks Latches,False,False,,https://nationalhardwarestorage.blob.core.windows.net/documents/nh_td_v29_v1261.pdf
N166-023,886780030570,V1108,Modern Drop Bar Latch,"1108 Modern Drop Bar Latch, Black, 7-3/4""",Gate Latches & Locks,"7-3-4""",Black,29.52,National Hardware list price,Active,False,https://www.national-hardware.com/p/1108-modern-drop-bar-latch?model=N166-023,https://images.national-hardware.com/is/image/nh/nh_166023_c1?$nhwProductThumbs$,,lifespan|outdoor|weatherguard,,,Gate_Latches-Locks Latches,False,False,,https://nationalhardwarestorage.blob.core.windows.net/documents/nh_td_v1108.pdf|https://nationalhardwarestorage.blob.core.windows.net/documents/nh_ig_sn12188_v1108_.pdf
N166-026,886780030594,V1110,Modern Gate Kit,"1110 Modern Gate Kit, Black",Gate Kits,,Black,109.11,National Hardware list price,Active,False,https://www.national-hardware.com/p/1110-modern-gate-kit?model=N166-026,https://images.national-hardware.com/is/image/nh/noimage?$nhwProductThumbs$,,lifespan|outdoor|weatherguard,,,,False,False,,https://nationalhardwarestorage.blob.core.windows.net/documents/nh_ig_sn12190_v1110_.pdf|https://nationalhardwarestorage.blob.core.windows.net/documents/nh_td_v1110.pdf
N166-022,886780030563,V1107,Modern Gate Pull,"1107 Modern Gate Pull, Black, 10""",Gate Parts & Accessories,"10""",Black,48.77,National Hardware list price,Active,False,https://www.national-hardware.com/p/1107-modern-gate-pull?model=N166-022,https://images.national-hardware.com/is/image/nh/nh_166022_c1?$nhwProductThumbs$,,lifespan|outdoor|weatherguard,,,,False,False,,https://nationalhardwarestorage.blob.core.windows.net/documents/nh_td_v1107.pdf|https://nationalhardwarestorage.blob.core.windows.net/documents/nh_ig_sn12187_v1107_.pdf
N166-029,886780030624,V1105,Modern Gate Pull,"1105 Modern Gate Pull, Black, 10""",Gate Parts & Accessories,"10""",Black,43.63,National Hardware list price,Active,False,https://www.national-hardware.com/p/1105-modern-gate-pull?model=N166-029,https://images.national-hardware.com/is/image/nh/nh_166029_c1?$nhwProductThumbs$,,lifespan|outdoor|weatherguard,,,,False,False,,https://nationalhardwarestorage.blob.core.windows.net/documents/nh_ig_sn12193_v1105_.pdf|https://nationalhardwarestorage.blob.core.windows.net/documents/nh_td_v1105.pdf
N166-037,886780033885,V1170,Modern Gate Pull,,Gate Parts & Accessories,,Black,30.23,National Hardware list price,Active,False,https://www.national-hardware.com/p/1170-modern-gate-pull?model=N166-037,https://images.national-hardware.com/is/image/nh/n166-037_c1?$nhwProductThumbs$,,aluminum|lifespan|outdoor,,,,False,False,,
N166-024,886780030587,V1106,Modern Square Gate Hinges,"1106 Modern Square Gate Hinges, Black, 4-19/32""",Gate Hinges,"4-19/32""",Black,35.94,National Hardware list price,Active,False,https://www.national-hardware.com/p/1106-modern-square-gate-hinges?model=N166-024,https://images.national-hardware.com/is/image/nh/nh_166024_c1?$nhwProductThumbs$,,lifespan|outdoor|weatherguard,,,,False,False,Removable,https://nationalhardwarestorage.blob.core.windows.net/documents/nh_ig_sn12189_v1106_.pdf|https://nationalhardwarestorage.blob.core.windows.net/documents/nh_td_v1106.pdf
N178-616,038613178618,V27,Ornamental Gate Latch,"27 Ornamental Gate Latches, Black, to 3""",Gate Latches & Locks,"to 3""",Black,34.38,National Hardware list price,Active,False,https://www.national-hardware.com/p/27-ornamental-gate-latches?model=N178-616,https://images.national-hardware.com/is/image/nh/snh_178616_c1?$nhwProductThumbs$,https://images.national-hardware.com/is/image/nh/nh_178616_iu?$nhwProductThumbs$,lifespan|outdoor|weatherguard,,,Gate_Latches-Locks Latches,False,False,,https://nationalhardwarestorage.blob.core.windows.net/documents/nh_td_v27_n178-616.pdf
N100-032,038613100039,V2,Ornamental Pull,"2 Ornamental Pulls, Black, 6-1/2""",Gate Parts & Accessories,"6-1/2""",Black,9.25,National Hardware list price,Active,False,https://www.national-hardware.com/p/2-ornamental-pulls?model=N100-032,https://images.national-hardware.com/is/image/nh/snh_100032_c1?$nhwProductThumbs$,https://images.national-hardware.com/is/image/nh/nh_100032_iu?$nhwProductThumbs$,lifespan|outdoor|weatherguard,,,,False,False,,https://nationalhardwarestorage.blob.core.windows.net/documents/nh_td_v2_n100-032.pdf
N100-057,038613100053,V3,Ornamental Pull,"3 Ornamental Pulls, Black, 8-3/4""",Gate Parts & Accessories,"8-3/4""",Black,10.75,National Hardware list price,Active,False,https://www.national-hardware.com/p/3-ornamental-pulls?model=N100-057,https://images.national-hardware.com/is/image/nh/snh_100057_c1?$nhwProductThumbs$,,lifespan|outdoor|weatherguard,,,,False,False,,
N262-113,038613100053,V3,Ornamental Pull,Ornamental Pulls,Gate Parts & Accessories,"8-3/4""",White,6.74,National Hardware list price,Discontinued,True,https://www.national-hardware.com/p/3-ornamental-pulls?model=N262-113,https://images.national-hardware.com/is/image/nh/snh_262113_c1?$nhwProductThumbs$,,lifespan|outdoor|weatherguard,,,,False,False,,
N342-709,038613342705,V9,Ornamental Pull,"9 Ornamental Pulls, Stainless Steel, 11""",Gate Parts & Accessories,"11""",Stainless Steel,24.18,National Hardware list price,Active,False,https://www.national-hardware.com/p/9-ornamental-pulls?model=N342-709,https://images.national-hardware.com/is/image/nh/nh_342709_c1?$nhwProductThumbs$,https://images.national-hardware.com/is/image/nh/nh_342709_iu?$nhwProductThumbs$,lifespan|outdoor|stainlesssteel|weatherguard,,,,False,False,,
N166-011,886780029505,1117,Ornamental S Hinge,"1117 Ornamental S Hinge, Black, 6""",Gate Hinges,"6""",Black,29.1,National Hardware list price,Active,False,https://www.national-hardware.com/p/1117-ornamental-s-hinge?model=N166-011,https://images.national-hardware.com/is/image/nh/nh_166011_c1?$nhwProductThumbs$,https://images.national-hardware.com/is/image/nh/nh_166011_iu?$nhwProductThumbs$,lifespan|outdoor|weatherguard,,,,False,False,,https://nationalhardwarestorage.blob.core.windows.net/documents/nh_td_1117_n166-011.pdf|https://nationalhardwarestorage.blob.core.windows.net/documents/sn12069.pdf
N165-464,038613165465,V844,Ornamental Screw Hooks/Strap Hinges,"844 Ornamental Screw Hook-Strap Hinges, Black, 7""",Gate Hinges,"7""",Black,39.07,National Hardware list price,Active,False,https://www.national-hardware.com/p/844-ornamental-screw-hook-strap-hinges?model=N165-464,https://images.national-hardware.com/is/image/nh/nh_n165-464_mp1?$nhwProductThumbs$,,lifespan|outdoor|weatherguard,41 - 50 lb,,,False,False,,https://nationalhardwarestorage.blob.core.windows.net/documents/nh_td_v844_n165-464.pdf
N165-472,038613165472,V846,Ornamental Spring T-Hinge,"846 Ornamental Spring T Hinges, Black, 7""",Gate Hinges,"7""",Black,49.96,National Hardware list price,Active,False,https://www.national-hardware.com/p/846-ornamental-spring-t-hinges?model=N165-472,https://images.national-hardware.com/is/image/nh/snh_165472_c1?$nhwProductThumbs$,,lifespan|outdoor|weatherguard,41 - 50 lb,,,False,False,,https://nationalhardwarestorage.blob.core.windows.net/documents/nh_td_v846_n165-472.pdf
N348-524,038613348523,V446,Ornamental Spring T-Hinge,"446 Ornamental Spring T Hinges, Stainless Steel, 7""",Gate Hinges,"7""",Stainless Steel,53.05,National Hardware list price,Active,False,https://www.national-hardware.com/p/446-ornamental-spring-t-hinges?model=N348-524,https://images.national-hardware.com/is/image/nh/nh_348524_c1?$nhwProductThumbs$,https://images.national-hardware.com/is/image/nh/nh_348524_iu?$nhwProductThumbs$,lifespan|outdoor|stainlesssteel|weatherguard,41 - 50 lb,,,False,False,,https://nationalhardwarestorage.blob.core.windows.net/documents/nh_td_446_n348-524.pdf
N179-192,038613179196,858BC,Ornamental Strap Hinge,"858 Ornamental Strap Hinges, Black, 10""",Gate Hinges,"10""",Black,28.75,National Hardware list price,Active,False,https://www.national-hardware.com/p/858-ornamental-strap-hinges?model=N179-192,https://images.national-hardware.com/is/image/nh/nh_179192_c1?$nhwProductThumbs$,,lifespan|outdoor|weatherguard,31 - 40 lb,,,False,False,,https://nationalhardwarestorage.blob.core.windows.net/documents/nh_td_858bc_n179-192.pdf
N109-035,038613881945,V847,Ornamental Strap Reversible Strap Hinges,"847 Ornamental Strap Hinges, Black, 6""",Gate Hinges,"6""",Black,10.49,National Hardware list price,Discontinued,True,https://www.national-hardware.com/p/847-ornamental-strap-hinges?model=N109-035,https://images.national-hardware.com/is/image/nh/snh_109035_c1?$nhwProductThumbs$,https://images.national-hardware.com/is/image/nh/nh_109035_iu?$nhwProductThumbs$,lifespan|outdoor,,,,False,False,,
N881-946,038613881945,V847,Ornamental Strap Reversible Strap Hinges,"847 Ornamental Strap Hinges, Black, 6""",Gate Hinges,"6""",Matte Black,33.46,National Hardware list price,Active,False,https://www.national-hardware.com/p/847-ornamental-strap-hinges?model=N881-946,https://images.national-hardware.com/is/image/nh/noimage?$nhwProductThumbs$,,lifespan|outdoor,,,,False,False,,
N165-480,038613165489,V849,Ornamental T-Hinge,"849 Ornamental T Hinges, Black, 7""",Gate Hinges,"7""",Black,36.4,National Hardware list price,Active,False,https://www.national-hardware.com/p/849-ornamental-t-hinges?model=N165-480,https://images.national-hardware.com/is/image/nh/snh_165480_c1?$nhwProductThumbs$,https://images.national-hardware.com/is/image/nh/nh_165480_iu?$nhwProductThumbs$,lifespan|outdoor|weatherguard,51 - 100 lb,,,False,False,,https://nationalhardwarestorage.blob.core.windows.net/documents/nh_td_849_n165-480.pdf
N179-200,038613179202,859BC,Ornamental T-Hinge,"859 Ornamental T Hinges, Black, 10""",Gate Hinges,"10""",Black,23.8,National Hardware list price,Active,False,https://www.national-hardware.com/p/859-ornamental-t-hinges?model=N179-200,https://images.national-hardware.com/is/image/nh/nh_179200_c1?$nhwProductThumbs$,,lifespan|outdoor|weatherguard,31 - 40 lb,,,False,False,,https://nationalhardwarestorage.blob.core.windows.net/documents/nh_td_859bc_n179-200.pdf
N303-115,038613303119,843,Ornamental T-Hinge,"843 Ornamental T Hinge, Stainless Steel, 8""",Gate Hinges,"8""",Stainless Steel,51.11,National Hardware list price,Active,False,https://www.national-hardware.com/p/843-ornamental-t-hinge?model=N303-115,https://images.national-hardware.com/is/image/nh/noimage?$nhwProductThumbs$,,lifespan|outdoor|stainlesssteel|weatherguard,,,,False,False,,
N881-904,038613881907,V841,Ornamental T-Hinge,"841 Ornamental Reversible T Hinges, Black, 4""",Gate Hinges,"4""",Black,23.65,National Hardware list price,Active,False,https://www.national-hardware.com/p/841-ornamental-reversible-t-hinges?model=N881-904,https://images.national-hardware.com/is/image/nh/nh_881904_c1?$nhwProductThumbs$,,lifespan|outdoor|weatherguard,21 - 30 lb,,,False,False,Fixed,
N131-375,038613131378,298BC,Pintle,"298 Pintles, Zinc Plated, 1/2""",Gate Parts & Accessories,"1/2""",Zinc Plated,14.38,National Hardware list price,Active,False,https://www.national-hardware.com/p/298-pintles?model=N131-375,https://images.national-hardware.com/is/image/nh/nh_131375_c1?$nhwProductThumbs$,https://images.national-hardware.com/is/image/nh/nh_131375_iu?$nhwProductThumbs$,lifespan|outdoor|weatherguard,51 - 100 lb,,,False,False,,https://nationalhardwarestorage.blob.core.windows.net/documents/nh_td_298bc_n131-375.pdf
N199-158,038613199156,V28,Post Mount Gate Latch,"28 Post Mount Gate Latches, Black",Gate Latches & Locks,,Black,32.79,National Hardware list price,Active,False,https://www.national-hardware.com/p/28-post-mount-gate-latches?model=N199-158,https://images.national-hardware.com/is/image/nh/snh_199158_c1?$nhwProductThumbs$,https://images.national-hardware.com/is/image/nh/nh_199158_iu?$nhwProductThumbs$,lifespan|outdoor|weatherguard,,,Gate_Latches-Locks Latches,False,False,,https://nationalhardwarestorage.blob.core.windows.net/documents/nh_td_v28_n199-158.pdf
N348-508,038613348509,V427,Professional Choice™ Heavy Duty Thumb Latch,"427 Heavy Duty Thumb Latch, Stainless Steel, 11""",Gate Latches & Locks,"11""",Stainless Steel,62.3,National Hardware list price,Active,False,https://www.national-hardware.com/p/427-professional-choice-heavy-duty-thumb-latch?model=N348-508,https://images.national-hardware.com/is/image/nh/nh_348508_c1?$nhwProductThumbs$,https://images.national-hardware.com/is/image/nh/nh_348508_iu?$nhwProductThumbs$,lifespan|outdoor|stainlesssteel|weatherguard,,,Gate_Latches-Locks Latches,False,False,,
N214-092,038613900233,DPV881,Rustic Gate Kit,"881 Rustic Gate Kits, Black",Gate Kits,,Black,55.72,National Hardware list price,Active,False,https://www.national-hardware.com/p/881-rustic-gate-kits?model=N214-092,https://images.national-hardware.com/is/image/nh/snh_214092_c1?$nhwProductThumbs$,https://images.national-hardware.com/is/image/nh/nh_214092_iu?$nhwProductThumbs$,lifespan|outdoor|weatherguard,51 - 100 lb,,,False,False,,
N166-031,886780030648,V1104,Rustic Modern Gate Kit,"1104 Rustic Modern Gate Kit, Black",Gate Kits,,Black,127.09,National Hardware list price,Active,False,https://www.national-hardware.com/p/1104-rustic-modern-gate-kit?model=N166-031,https://images.national-hardware.com/is/image/nh/nh_166031_c1?$nhwProductThumbs$,,lifespan|outdoor|weatherguard,,,,False,False,,https://nationalhardwarestorage.blob.core.windows.net/documents/nh_ig_sn12195_v1104_.pdf|https://nationalhardwarestorage.blob.core.windows.net/documents/nh_td_v1104.pdf
N166-028,886780030617,V1103,Rustic Modern Gate Latch,"1103 Rustic Modern Gate Latch, Black, 7-7/16""",Gate Latches & Locks,"7-7/16""",Black,33.37,National Hardware list price,Active,False,https://www.national-hardware.com/p/1103-rustic-modern-gate-latch?model=N166-028,https://images.national-hardware.com/is/image/nh/nh_166028_c1?$nhwProductThumbs$,,lifespan|outdoor|weatherguard,,,Gate_Latches-Locks Latches,False,False,,https://nationalhardwarestorage.blob.core.windows.net/documents/nh_ig_sn12192_v1103_.pdf|https://nationalhardwarestorage.blob.core.windows.net/documents/nh_td_v1103.pdf
N166-027,886780030600,V1102,Rustic Modern Gate Pull,"1102 Rustic Modern Gate Pull, Black, 9-13/16""",Gate Parts & Accessories,"9-13/16""",Black,51.34,National Hardware list price,Active,False,https://www.national-hardware.com/p/1102-rustic-modern-gate-pull?model=N166-027,https://images.national-hardware.com/is/image/nh/nh_166027_c1?$nhwProductThumbs$,,lifespan|outdoor|weatherguard,,,,False,False,,https://nationalhardwarestorage.blob.core.windows.net/documents/nh_ig_sn12191_v1102_.pdf|https://nationalhardwarestorage.blob.core.windows.net/documents/nh_td_v1102.pdf
N166-030,886780030631,V1143,Rustic Modern T-Hinges,"1143 Rustic Modern T-Hinges, Black, 6""",Gate Hinges,"6""",Black,39.79,National Hardware list price,Active,False,https://www.national-hardware.com/p/1143-rustic-modern-t-hinges?model=N166-030,https://images.national-hardware.com/is/image/nh/nh_166030_c1?$nhwProductThumbs$,,lifespan|outdoor|weatherguard,,,,False,False,Removable,https://nationalhardwarestorage.blob.core.windows.net/documents/nh_td_v1143.pdf|https://nationalhardwarestorage.blob.core.windows.net/documents/nh_ig_sn12194_v1143_.pdf
N214-078,038613900219,V11,Rustic Pull,"11 Rustic Pulls, Black, 8-1/2""",Gate Parts & Accessories,"8-1/2""",Black,13.59,National Hardware list price,Active,False,https://www.national-hardware.com/p/11-rustic-pulls?model=N214-078,https://images.national-hardware.com/is/image/nh/nh_214078_c1?$nhwProductThumbs$,https://images.national-hardware.com/is/image/nh/nh_214078_iu?$nhwProductThumbs$,lifespan|outdoor|weatherguard,,,,False,False,,https://nationalhardwarestorage.blob.core.windows.net/documents/nh_td_11_n166-016.pdf
N122-390,038613122390,2110BC,Safety Gate Hook,"2110 Safety Gate Hooks, Zinc Plated, 8""",Gate Latches & Locks,"8""",Zinc Plated,30.8,National Hardware list price,Active,False,https://www.national-hardware.com/p/2110-safety-gate-hooks?model=N122-390,https://images.national-hardware.com/is/image/nh/nh_122390_c1?$nhwProductThumbs$,https://images.national-hardware.com/is/image/nh/nh_122390_iu?$nhwProductThumbs$,lifespan|outdoor,,,Gate_Latches-Locks Latches,False,False,,
N131-193,038613131194,296BC,Screw Eye,"296 Screw Eyes, Zinc Plated, 1/2"" x 4""",Gate Parts & Accessories,"1/2"" x 4""",Zinc Plated,6.96,National Hardware list price,Active,False,https://www.national-hardware.com/p/296-screw-eyes?model=N131-193,https://images.national-hardware.com/is/image/nh/nh_131193_c1?$nhwProductThumbs$,https://images.national-hardware.com/is/image/nh/nh_131193_iu?$nhwProductThumbs$,lifespan|outdoor|weatherguard,,,,False,False,,https://nationalhardwarestorage.blob.core.windows.net/documents/nh_td_296bc_n131-193.pdf
N130-112,038613130111,291BC,Screw Hook,"291 Screw Hooks, Zinc Plated, 1/2"" x 4""",Gate Parts & Accessories,"1/2"" x 4""",Zinc Plated,6.27,National Hardware list price,Active,False,https://www.national-hardware.com/p/291-screw-hooks?model=N130-112,https://images.national-hardware.com/is/image/nh/nh_130112_c1?$nhwProductThumbs$,https://images.national-hardware.com/is/image/nh/nh_130112_iu?$nhwProductThumbs$,lifespan|outdoor|weatherguard,51 - 100 lb,,,False,False,,https://nationalhardwarestorage.blob.core.windows.net/documents/nh_td_291bc_n130-112.pdf
N131-170,886780021936,V297,Screw Hook & Eye Hinges,Screw Hook & Eye Hinge,Gate Hinges,"1/2"" x 4""",Black,40.19,National Hardware list price,Active,False,https://www.national-hardware.com/p/297-screw-hook-eye-hinge?model=N131-170,https://images.national-hardware.com/is/image/nh/snh_131170_c1?$nhwProductThumbs$,,outdoor,,,,False,False,,https://nationalhardwarestorage.blob.core.windows.net/documents/sn12058.pdf
N129-767,038613129764,290BC,Screw Hooks/Strap Hinges,"290 Screw Hook-Strap Hinges, Zinc Plated, 12""",Gate Hinges,"12""",Zinc Plated,52.05,National Hardware list price,Active,False,https://www.national-hardware.com/p/290-screw-hook-strap-hinges?model=N129-767,https://images.national-hardware.com/is/image/nh/snh_129767_c1?$nhwProductThumbs$,,lifespan|outdoor|weatherguard,101 - 200 lb,,,False,False,,https://nationalhardwarestorage.blob.core.windows.net/documents/nh_td_290bc_n129-767.pdf
N343-475,038613343474,DPV879,Self-Closing Gate Kit,"879 Self-Closing Gate Kits, Black",Gate Kits,,Black,60.46,National Hardware list price,Active,False,https://www.national-hardware.com/p/879-self-closing-gate-kits?model=N343-475,https://images.national-hardware.com/is/image/nh/snh_343475_c1?$nhwProductThumbs$,https://images.national-hardware.com/is/image/nh/nh_343475_iu?$nhwProductThumbs$,lifespan|outdoor|weatherguard,,,,False,False,,
N166-006,886780029451,1113,Shed Kit,"1113 Shed Kit, Black",Gate Kits,,Black,72.09,National Hardware list price,Active,False,https://www.national-hardware.com/p/1113-shed-kit?model=N166-006,https://images.national-hardware.com/is/image/nh/nh_166006_c1?$nhwProductThumbs$,https://images.national-hardware.com/is/image/nh/nh_166006_iu?$nhwProductThumbs$,lifespan|outdoor|weatherguard,,,,False,False,,https://nationalhardwarestorage.blob.core.windows.net/documents/sn12064.pdf|https://nationalhardwarestorage.blob.core.windows.net/documents/nh_td_1113_n166-006.pdf
N100-056,886780017441,1129,Slide Bolt,"1129 Slide Bolt, Black",Gate Latches & Locks,,Black,17.1,National Hardware list price,Active,False,https://www.national-hardware.com/p/1129-slide-bolt?model=N100-056,https://images.national-hardware.com/is/image/nh/snh_100056_box?$nhwProductThumbs$,https://images.national-hardware.com/is/image/nh/nh_100056_iu?$nhwProductThumbs$,lifespan|outdoor|weatherguard,,,Gate_Latches-Locks Cane & Sliding Bolts,False,False,,https://nationalhardwarestorage.blob.core.windows.net/documents/nh_td_1129_n100-056.pdf
N165-506,038613165502,V1134,Sliding Bolt Door/Gate Latch,"1134 Sliding Bolt Door-Gate Latches, Black",Gate Latches & Locks,,Black,16.1,National Hardware list price,Active,False,https://www.national-hardware.com/p/1134-sliding-bolt-door-gate-latches?model=N165-506,https://images.national-hardware.com/is/image/nh/snh_165506_c1?$nhwProductThumbs$,,lifespan|outdoor|weatherguard,,,Gate_Latches-Locks Cane & Sliding Bolts,False,False,,https://nationalhardwarestorage.blob.core.windows.net/documents/nh_td_v1134_n165-506.pdf
N165-555,038613165502,V1134,Sliding Bolt Door/Gate Latch,"1134 Sliding Bolt Door-Gate Latches, Zinc Plated",Gate Latches & Locks,,Zinc Plated,14.49,National Hardware list price,Active,False,https://www.national-hardware.com/p/1134-sliding-bolt-door-gate-latches?model=N165-555,https://images.national-hardware.com/is/image/nh/snh_165555_c1?$nhwProductThumbs$,,lifespan|outdoor|weatherguard,,,Gate_Latches-Locks Cane & Sliding Bolts,False,False,,https://nationalhardwarestorage.blob.core.windows.net/documents/nh_td_v1134_n165-506.pdf
N262-147,038613165502,V1134,Sliding Bolt Door/Gate Latch,"1134 Sliding Bolt Door-Gate Latches, Galvanized",Gate Latches & Locks,,Galvanized,27.4,National Hardware list price,Active,False,https://www.national-hardware.com/p/1134-sliding-bolt-door-gate-latches?model=N262-147,https://images.national-hardware.com/is/image/nh/nh_262147_c1?$nhwProductThumbs$,https://images.national-hardware.com/is/image/nh/nh_262147_iu?$nhwProductThumbs$,lifespan|outdoor|weatherguard,,,Gate_Latches-Locks Cane & Sliding Bolts,False,False,,https://nationalhardwarestorage.blob.core.windows.net/documents/nh_td_v1134_n165-506.pdf
N342-659,038613342651,V1131,Sliding Bolt Door/Gate Latch,"1131 Sliding Bolt Door-Gate Latches, Stainless Steel",Gate Latches & Locks,,Stainless Steel,38.7,National Hardware list price,Active,False,https://www.national-hardware.com/p/1131-sliding-bolt-door-gate-latches?model=N342-659,https://images.national-hardware.com/is/image/nh/nh_342659_c1?$nhwProductThumbs$,,lifespan|outdoor|stainlesssteel|weatherguard,,,Gate_Latches-Locks Cane & Sliding Bolts,False,False,,
N109-080,886780023732,V1270,SmartKey Gate Lock,"1270 SmartKey Gate Lock, Black, 2-3/10""",Gate Latches & Locks,"2-3/10""",Black,84.31,National Hardware list price,Active,False,https://www.national-hardware.com/p/1270-smartkey-gate-lock?model=N109-080,https://images.national-hardware.com/is/image/nh/snh_109080_c1?$nhwProductThumbs$,https://images.national-hardware.com/is/image/nh/snh_109080_v1?$nhwProductThumbs$,lifespan|outdoor|weatherguard,,,Gate_Latches-Locks Latches,False,False,,https://nationalhardwarestorage.blob.core.windows.net/documents/nh_ig_sn11481_v1270_.pdf
N100-054,886780017427,V2101,Spear Gate Hook,"2101 Spear Gate Hook, Black, 6""",Gate Parts & Accessories,"6""",Black,17.1,National Hardware list price,Active,False,https://www.national-hardware.com/p/2101-spear-gate-hook?model=N100-054,https://images.national-hardware.com/is/image/nh/nh_100054_c1?$nhwProductThumbs$,https://images.national-hardware.com/is/image/nh/nh_100054_iu?$nhwProductThumbs$,lifespan|outdoor|weatherguard,,,,False,False,,https://nationalhardwarestorage.blob.core.windows.net/documents/nh_td_v2101_n100-054.pdf
N109-023,886780017663,,Spear Gate Pull,"8 Spear Gate Pull, Black, 7-3/4""",Gate Parts & Accessories,"7-3/4""",Black,22.05,National Hardware list price,Active,False,https://www.national-hardware.com/p/8-spear-gate-pull?model=N109-023,https://images.national-hardware.com/is/image/nh/nh_109023_c1?$nhwProductThumbs$,,lifespan|outdoor|weatherguard,,,Gate_Latches-Locks Cane & Sliding Bolts,False,False,,https://nationalhardwarestorage.blob.core.windows.net/documents/nh_td_8_n109-023.pdf
N100-053,886780017410,,Spear Heavy Duty T-Hinge,"8591 Spear Heavy Duty T-Hinge, Black, 13""",Gate Hinges,"13""",Black,47.46,National Hardware list price,Active,False,https://www.national-hardware.com/p/8591-spear-heavy-duty-t-hinge?model=N100-053,https://images.national-hardware.com/is/image/nh/snh_100053_box?$nhwProductThumbs$,https://images.national-hardware.com/is/image/nh/nh_100053_iu?$nhwProductThumbs$,lifespan|outdoor,51 - 100 lb,,,False,False,,https://nationalhardwarestorage.blob.core.windows.net/documents/nh_td_8591_n100-053.pdf
N109-016,886780017595,V5,Spear Pull,"5 Spear Pull, Black, 10""",Gate Parts & Accessories,"10""",Black,13.89,National Hardware list price,Active,False,https://www.national-hardware.com/p/5-spear-pull?model=N109-016,https://images.national-hardware.com/is/image/nh/nh_109016_c1?$nhwProductThumbs$,https://images.national-hardware.com/is/image/nh/nh_109016_iu?$nhwProductThumbs$,lifespan|outdoor|weatherguard,,,,False,False,,https://nationalhardwarestorage.blob.core.windows.net/documents/nh_td_5_n109-016.pdf|https://nationalhardwarestorage.blob.core.windows.net/documents/nh_td_v5_n109-016.pdf
N109-011,886780017557,SPB8411,Spear T-Hinge,"8441 Spear T-Hinge, Black, 6""",Gate Hinges,"6""",Black,16.79,National Hardware list price,Active,False,https://www.national-hardware.com/p/8441-spear-t-hinge?model=N109-011,https://images.national-hardware.com/is/image/nh/snh_109011_c1?$nhwProductThumbs$,,lifespan|outdoor|weatherguard,41 - 50 lb,,,False,False,,https://nationalhardwarestorage.blob.core.windows.net/documents/sn12055.pdf|https://nationalhardwarestorage.blob.core.windows.net/documents/snh_td-v8411.pdf|https://nationalhardwarestorage.blob.core.windows.net/documents/snh_ig_spb8411-n109-011.pdf
N109-212,886780022247,V1142,Spring Loaded Heavy Duty Sliding Bolt,"1142 Spring Loaded Heavy Duty Sliding Bolt, Zinc Plated",Gate Latches & Locks,,Zinc Plated,32.08,National Hardware list price,Active,False,https://www.national-hardware.com/p/1142-spring-loaded-heavy-duty-sliding-bolt?model=N109-212,https://images.national-hardware.com/is/image/nh/snh_109212_c1?$nhwProductThumbs$,https://images.national-hardware.com/is/image/nh/nh_109212_iu?$nhwProductThumbs$,lifespan|outdoor|weatherguard,,,Gate_Latches-Locks Cane & Sliding Bolts,False,False,,https://nationalhardwarestorage.blob.core.windows.net/documents/nh_td_v1142_n109-214.pdf
N109-214,886780022247,V1142,Spring Loaded Heavy Duty Sliding Bolt,"1142 Spring Loaded Heavy Duty Sliding Bolt, Black",Gate Latches & Locks,,Black,32.08,National Hardware list price,Active,False,https://www.national-hardware.com/p/1142-spring-loaded-heavy-duty-sliding-bolt?model=N109-214,https://images.national-hardware.com/is/image/nh/snh_109214_c1?$nhwProductThumbs$,https://images.national-hardware.com/is/image/nh/nh_109214_iu?$nhwProductThumbs$,lifespan|outdoor|weatherguard,,,Gate_Latches-Locks Cane & Sliding Bolts,False,False,,https://nationalhardwarestorage.blob.core.windows.net/documents/nh_td_v1142_n109-214.pdf
N214-304,038613236721,V1136,Stall/Gate Latch,"1136 Stall-Gate Latches, Zinc Plated",Gate Latches & Locks,,Zinc Plated,33.61,National Hardware list price,Discontinued,True,https://www.national-hardware.com/p/1136-stall-gate-latches?model=N214-304,https://images.national-hardware.com/is/image/nh/snh_214304_c1?$nhwProductThumbs$,https://images.national-hardware.com/is/image/nh/nh_236729_iu?$nhwProductThumbs$,lifespan|outdoor|weatherguard,,,Gate_Latches-Locks Latches,False,False,,https://nationalhardwarestorage.blob.core.windows.net/documents/nh_td_v1136_n236-729.pdf|https://nationalhardwarestorage.blob.core.windows.net/documents/nh_td_1135_n236-729.pdf
N236-729,038613236721,V1136,Stall/Gate Latch,"1136 Stall-Gate Latches, Black",Gate Latches & Locks,,Black,44.33,National Hardware list price,Active,False,https://www.national-hardware.com/p/1136-stall-gate-latches?model=N236-729,https://images.national-hardware.com/is/image/nh/snh_236729_c1?$nhwProductThumbs$,https://images.national-hardware.com/is/image/nh/nh_236729_iu?$nhwProductThumbs$,lifespan|outdoor|weatherguard,,,Gate_Latches-Locks Latches,False,False,,https://nationalhardwarestorage.blob.core.windows.net/documents/nh_td_v1136_n236-729.pdf|https://nationalhardwarestorage.blob.core.windows.net/documents/nh_td_1135_n236-729.pdf
N109-040,886780017908,V1390,Thumb Latch,"1390 Thumb Latch, Black",Gate Latches & Locks,,Black,34.84,National Hardware list price,Active,False,https://www.national-hardware.com/p/1390-thumb-latch?model=N109-040,https://images.national-hardware.com/is/image/nh/snh_109040_c1?$nhwProductThumbs$,https://images.national-hardware.com/is/image/nh/nh_109040_iu?$nhwProductThumbs$,lifespan|outdoor|weatherguard,,,Gate_Latches-Locks Latches,False,False,,https://nationalhardwarestorage.blob.core.windows.net/documents/nh_td_v1390_n109-040.pdf
N346-206,886780019070,V6216,TruClose Narrow Spring Hinge,"6212 TruClose Narrow Spring Hinge, Black, 3-13/16"" x 2-1/2""",Gate Hinges,"3-13/16"" x 2-1/2""",Black,94.55,National Hardware list price,Active,False,https://www.national-hardware.com/p/6212-truclose-narrow-spring-hinge?model=N346-206,https://images.national-hardware.com/is/image/nh/snh_346206_c1?$nhwProductThumbs$,https://images.national-hardware.com/is/image/nh/snh_346206_v1?$nhwProductThumbs$,indoor|lifespan,51 - 100 lb,,,False,False,,
N346-207,886780019087,,TruClose Spring Hinge,"6216 TruClose Spring Hinge, Black, 3-9/16"" x 5-1/4""",Gate Hinges,"3-9/16"" x 5-1/4""",Black,101.4,National Hardware list price,Active,False,https://www.national-hardware.com/p/6216-truclose-spring-hinge?model=N346-207,https://images.national-hardware.com/is/image/nh/snh_346207_c1?$nhwProductThumbs$,https://images.national-hardware.com/is/image/nh/nh_346207_iu?$nhwProductThumbs$,indoor|lifespan,51 - 100 lb,,,False,False,,
N222-059,038613125568,2180BC,Turnbuckles Gate Hook,"2180 Turnbuckle Gate Hooks, Zinc Plated, 3/8"" x 11""",Gate Parts & Accessories,"3/8"" x 11""",Zinc Plated,13.8,National Hardware list price,Active,False,https://www.national-hardware.com/p/2180-turnbuckle-gate-hooks?model=N222-059,https://images.national-hardware.com/is/image/nh/nh_222059_c1?$nhwProductThumbs$,https://images.national-hardware.com/is/image/nh/nh_222059_iu?$nhwProductThumbs$,lifespan|outdoor|weatherguard,,,,False,False,,https://nationalhardwarestorage.blob.core.windows.net/documents/nh_td_2180bc_n222-059.pdf
N166-038,886780033892,V1171,Twisted Rod Pull,,Gate Parts & Accessories,,Black,38.39,National Hardware list price,Active,False,https://www.national-hardware.com/p/1171-twisted-gate-pull?model=N166-038,https://images.national-hardware.com/is/image/nh/n166-038_c1?$nhwProductThumbs$,,aluminum|lifespan|outdoor,,,,False,False,,
